{"name": "wave", "oneHanded": true, "recordings": [{"rawFrames": [{"leftBetweenFinger": [NaN, NaN, NaN, NaN], "rightBetweenFinger": [0.8189496053458515, 0.17674041038782076, 0.11538782645829747, 0.18307499866818389], "leftEachFinger": [NaN, NaN, NaN, NaN, NaN, NaN, NaN, NaN, NaN, NaN, NaN, NaN, NaN, NaN, NaN], "rightEachFinger": [2.6688282223529614, 2.8317202658707714, 2.794912557732964, 2.9220228888433937, 2.964359330344575, 3.031809967858889, 2.9620025734808246, 2.9326098670740266, 2.9357074639537526, 2.8851608194393723, 2.9598253285681153, 2.8313957623203, 2.838975921995894, 2.8904472408136517, 2.8295930441597794], "leftHorizon": NaN, "rightHorizon": 1.241888072725637, "handDist": NaN, "noOfHands": 1}, {"leftBetweenFinger": [NaN, NaN, NaN, NaN], "rightBetweenFinger": [0.835122608748681, 0.17783779242372885, 0.13125521342996305, 0.1842830954206502], "leftEachFinger": [NaN, NaN, NaN, NaN, NaN, NaN, NaN, NaN, NaN, NaN, NaN, NaN, NaN, NaN, NaN], "rightEachFinger": [2.6452165501848377, 2.7735315595666314, 2.931675328432268, 2.917725189539597, 2.964825802676416, 3.049969145156957, 2.955055665833411, 2.929552335175808, 2.9466293677677577, 2.8614855498805243, 2.9860631160792934, 2.8406960856644954, 2.8030566960137735, 2.969549254059791, 2.861437906085967], "leftHorizon": NaN, "rightHorizon": 1.2456552430389167, "handDist": NaN, "noOfHands": 1}, {"leftBetweenFinger": [NaN, NaN, NaN, NaN], "rightBetweenFinger": [0.828132993796303, 0.17700870178408348, 0.12354372913029475, 0.17445340752093452], "leftEachFinger": [NaN, NaN, NaN, NaN, NaN, NaN, NaN, NaN, NaN, NaN, NaN, NaN, NaN, NaN, NaN], "rightEachFinger": [2.6475761303090595, 2.8463385039267535, 2.841848178177299, 2.9201865579655935, 2.945445625358915, 3.035680111542656, 2.954413009362529, 2.9198063458306343, 2.9425333959464166, 2.8625134298424713, 2.975214382823782, 2.8418647312000864, 2.815160979655288, 2.976956729498906, 2.838935124090291], "leftHorizon": NaN, "rightHorizon": 1.2478925183558365, "handDist": NaN, "noOfHands": 1}, {"leftBetweenFinger": [NaN, NaN, NaN, NaN], "rightBetweenFinger": [0.8561883402288906, 0.17734113615222785, 0.1093509723727225, 0.17829947592593592], "leftEachFinger": [NaN, NaN, NaN, NaN, NaN, NaN, NaN, NaN, NaN, NaN, NaN, NaN, NaN, NaN, NaN], "rightEachFinger": [2.627282746906502, 2.8230960699827885, 2.8859624742618957, 2.939621308871687, 2.966057408461905, 3.044769783483076, 2.973001147829151, 2.9155953109966863, 2.925456029311324, 2.887309113272758, 2.921695837537015, 2.8067890969398817, 2.837119215826193, 2.8936594467640204, 2.7929187657960295], "leftHorizon": NaN, "rightHorizon": 1.2423689223439687, "handDist": NaN, "noOfHands": 1}, {"leftBetweenFinger": [NaN, NaN, NaN, NaN], "rightBetweenFinger": [0.8473788282442721, 0.1725384829655037, 0.11118066996272351, 0.1802708529330094], "leftEachFinger": [NaN, NaN, NaN, NaN, NaN, NaN, NaN, NaN, NaN, NaN, NaN, NaN, NaN, NaN, NaN], "rightEachFinger": [2.637927502281237, 2.7703177767456233, 2.912317357767553, 2.927928538561592, 2.9634179038933604, 3.0516336948088543, 2.967939477938147, 2.9280061355263647, 2.945195304406805, 2.8887237492993254, 2.961743153026533, 2.8416056367536906, 2.8280418143046173, 2.919143188054727, 2.8680410296935706], "leftHorizon": NaN, "rightHorizon": 1.2434063647836906, "handDist": NaN, "noOfHands": 2}, {"leftBetweenFinger": [NaN, NaN, NaN, NaN], "rightBetweenFinger": [0.8366816134921423, 0.17686512112559502, 0.11410771469750586, 0.17417915748232898], "leftEachFinger": [NaN, NaN, NaN, NaN, NaN, NaN, NaN, NaN, NaN, NaN, NaN, NaN, NaN, NaN, NaN], "rightEachFinger": [2.656386764733632, 2.819431713938166, 2.9403216543470063, 2.91024264868618, 2.9460548646207, 3.0267491804013047, 2.943099349214236, 2.9095669649937386, 2.9162095251233726, 2.856119257163132, 2.9493294633682443, 2.7959252891395336, 2.801755397706149, 2.9164160528691307, 2.7803788836154895], "leftHorizon": NaN, "rightHorizon": 1.2582988239239061, "handDist": NaN, "noOfHands": 2}, {"leftBetweenFinger": [NaN, NaN, NaN, NaN], "rightBetweenFinger": [0.8289962139924277, 0.17904134239221267, 0.10921872095279819, 0.17312561195931878], "leftEachFinger": [NaN, NaN, NaN, NaN, NaN, NaN, NaN, NaN, NaN, NaN, NaN, NaN, NaN, NaN, NaN], "rightEachFinger": [2.6693457961190132, 2.8250297516669294, 2.987168269265004, 2.9056047491231136, 2.9474927250815632, 3.035600641804217, 2.9323557589257048, 2.8920715743521046, 2.922752275839651, 2.8512042691033814, 2.931216443095298, 2.7893464427204426, 2.825117073087747, 2.8482460063941777, 2.7627633881895415], "leftHorizon": NaN, "rightHorizon": 1.2539462403247812, "handDist": NaN, "noOfHands": 2}, {"leftBetweenFinger": [NaN, NaN, NaN, NaN], "rightBetweenFinger": [0.8594664174858152, 0.18216553715813488, 0.10341188023578571, 0.17136209515326187], "leftEachFinger": [NaN, NaN, NaN, NaN, NaN, NaN, NaN, NaN, NaN, NaN, NaN, NaN, NaN, NaN, NaN], "rightEachFinger": [2.6321830423461465, 2.7874820405595897, 2.950554226677951, 2.8727567746651035, 2.9448159917243815, 3.019548706538416, 2.9154365643947533, 2.9003687760396883, 2.907838152734775, 2.844720686629387, 2.9335098762693113, 2.739565897777885, 2.766500498486796, 2.9129074051973047, 2.7751863822690566], "leftHorizon": NaN, "rightHorizon": 1.2463649562064472, "handDist": NaN, "noOfHands": 2}, {"leftBetweenFinger": [NaN, NaN, NaN, NaN], "rightBetweenFinger": [0.9206269583827807, 0.17702257965240817, 0.11310978675269541, 0.1791229896142961], "leftEachFinger": [NaN, NaN, NaN, NaN, NaN, NaN, NaN, NaN, NaN, NaN, NaN, NaN, NaN, NaN, NaN], "rightEachFinger": [2.575551250892839, 2.7426486763255555, 2.872858000914171, 2.835319078498023, 2.8855935869987577, 2.9858666134444385, 2.8737358077713484, 2.7932709971582526, 2.814447958441844, 2.8237509381053996, 2.8174675944268617, 2.5502271078032295, 2.7691745253714806, 2.763529181695794, 2.542471609872608], "leftHorizon": NaN, "rightHorizon": 1.2203511832430993, "handDist": NaN, "noOfHands": 1}, {"leftBetweenFinger": [NaN, NaN, NaN, NaN], "rightBetweenFinger": [0.9744800987515679, 0.1862600650383556, 0.06565520855870663, 0.1623862420461252], "leftEachFinger": [NaN, NaN, NaN, NaN, NaN, NaN, NaN, NaN, NaN, NaN, NaN, NaN, NaN, NaN, NaN], "rightEachFinger": [2.517630101130222, 2.786108081872372, 2.8981373380690125, 2.894775787506427, 2.919247227263037, 3.0327925043177295, 2.888866258816425, 2.8468988448878236, 2.9578897824937966, 2.802576211688772, 2.8268539773246304, 2.8619162111214647, 2.763752082618903, 2.843708474416843, 2.8133605179584213], "leftHorizon": NaN, "rightHorizon": 1.2429045623597865, "handDist": NaN, "noOfHands": 1}, {"leftBetweenFinger": [NaN, NaN, NaN, NaN], "rightBetweenFinger": [0.9983514240410752, 0.1745014775722865, 0.07686778383811758, 0.1740893663521385], "leftEachFinger": [NaN, NaN, NaN, NaN, NaN, NaN, NaN, NaN, NaN, NaN, NaN, NaN, NaN, NaN, NaN], "rightEachFinger": [2.497061409603422, 2.769396712261916, 3.0850434997466936, 2.897697598812608, 2.936581054765383, 3.0220956199382294, 2.8955635553355603, 2.830508523056727, 2.9012971908901877, 2.8501857548768714, 2.7852944810420026, 2.7365676271028745, 2.8036888342482205, 2.793820272902346, 2.713319296086272], "leftHorizon": NaN, "rightHorizon": 1.2266182025982744, "handDist": NaN, "noOfHands": 1}, {"leftBetweenFinger": [NaN, NaN, NaN, NaN], "rightBetweenFinger": [1.0324240701854301, 0.16438443098732475, 0.06978372323692626, 0.16483764393018216], "leftEachFinger": [NaN, NaN, NaN, NaN, NaN, NaN, NaN, NaN, NaN, NaN, NaN, NaN, NaN, NaN, NaN], "rightEachFinger": [2.502246302810255, 2.745525908331447, 3.0215165336581675, 2.8863776826196625, 2.8821356479813356, 2.9906087023179673, 2.86502157990531, 2.7974773981399896, 2.875108050651314, 2.7991482469278237, 2.742897329021839, 2.757482322879641, 2.753019905425653, 2.7662147471334273, 2.712907717987354], "leftHorizon": NaN, "rightHorizon": 1.2363910351923089, "handDist": NaN, "noOfHands": 1}, {"leftBetweenFinger": [NaN, NaN, NaN, NaN], "rightBetweenFinger": [1.0158749818764126, 0.16825762186509155, 0.07655044787374558, 0.16021623839465307],